{
  "_format": "ethers-rs-sol-cache-3",
  "paths": {
    "artifacts": "out",
    "build_infos": "out/build-info",
    "sources": "contracts",
    "tests": "test/foundry",
    "scripts": "script",
    "libraries": [
      "lib",
      "node_modules"
    ]
  },
  "files": {
    "contracts/CBDToken.sol": {
      "lastModificationDate": 1674558515927,
      "contentHash": "e21c0c94ae22d8beeb993fe1af80082d",
      "sourceName": "contracts/CBDToken.sol",
      "solcConfig": {
        "settings": {
          "optimizer": {
            "enabled": true,
            "runs": 200
          },
          "metadata": {
            "bytecodeHash": "ipfs",
            "appendCBOR": true
          },
          "outputSelection": {
            "*": {
              "": [
                "ast"
              ],
              "*": [
                "abi",
                "evm.bytecode",
                "evm.deployedBytecode",
                "evm.methodIdentifiers",
                "metadata"
              ]
            }
          },
          "evmVersion": "london",
          "libraries": {}
        }
      },
      "imports": [
        "node_modules/@openzeppelin\\contracts/access/Ownable.sol",
        "node_modules/@openzeppelin\\contracts/token/ERC20/ERC20.sol",
        "node_modules/@openzeppelin\\contracts/token/ERC20/IERC20.sol",
        "node_modules/@openzeppelin\\contracts/token/ERC20/extensions/ERC20Burnable.sol",
        "node_modules/@openzeppelin/contracts/token/ERC20/extensions/IERC20Metadata.sol",
        "node_modules/@openzeppelin/contracts/utils/Context.sol"
      ],
      "versionRequirement": "^0.8.17",
      "artifacts": {
        "CBDToken": {
          "0.8.17+commit.8df45f5f.Windows.msvc": "CBDToken.sol\\CBDToken.json"
        }
      }
    },
    "contracts/Purchase.sol": {
      "lastModificationDate": 1674559259585,
      "contentHash": "5c3add47d0ad8eb7ff95eae1867f5ca6",
      "sourceName": "contracts/Purchase.sol",
      "solcConfig": {
        "settings": {
          "optimizer": {
            "enabled": true,
            "runs": 200
          },
          "metadata": {
            "bytecodeHash": "ipfs",
            "appendCBOR": true
          },
          "outputSelection": {
            "*": {
              "": [
                "ast"
              ],
              "*": [
                "abi",
                "evm.bytecode",
                "evm.deployedBytecode",
                "evm.methodIdentifiers",
                "metadata"
              ]
            }
          },
          "evmVersion": "london",
          "libraries": {}
        }
      },
      "imports": [
        "contracts\\CBDToken.sol",
        "node_modules/@chainlink\\contracts/src/v0.8/interfaces/AggregatorV3Interface.sol",
        "node_modules/@openzeppelin\\contracts/access/Ownable.sol",
        "node_modules/@openzeppelin\\contracts/token/ERC20/ERC20.sol",
        "node_modules/@openzeppelin\\contracts/token/ERC20/IERC20.sol",
        "node_modules/@openzeppelin\\contracts/token/ERC20/extensions/ERC20Burnable.sol",
        "node_modules/@openzeppelin/contracts/token/ERC20/extensions/IERC20Metadata.sol",
        "node_modules/@openzeppelin/contracts/token/ERC20/extensions/draft-IERC20Permit.sol",
        "node_modules/@openzeppelin\\contracts/token/ERC20/utils/SafeERC20.sol",
        "node_modules/@openzeppelin/contracts/utils/Address.sol",
        "node_modules/@openzeppelin/contracts/utils/Context.sol"
      ],
      "versionRequirement": "^0.8.17",
      "artifacts": {
        "Purchase": {
          "0.8.17+commit.8df45f5f.Windows.msvc": "Purchase.sol\\Purchase.json"
        }
      }
    },
    "contracts/test/MockV3Aggregator.sol": {
      "lastModificationDate": 1674556640248,
      "contentHash": "17637cbd899c9197b7d3437ab850acac",
      "sourceName": "contracts/test/MockV3Aggregator.sol",
      "solcConfig": {
        "settings": {
          "optimizer": {
            "enabled": true,
            "runs": 200
          },
          "metadata": {
            "bytecodeHash": "ipfs",
            "appendCBOR": true
          },
          "outputSelection": {
            "*": {
              "": [
                "ast"
              ],
              "*": [
                "abi",
                "evm.bytecode",
                "evm.deployedBytecode",
                "evm.methodIdentifiers",
                "metadata"
              ]
            }
          },
          "evmVersion": "london",
          "libraries": {}
        }
      },
      "imports": [
        "node_modules/@chainlink/contracts/src/v0.8/interfaces/AggregatorInterface.sol",
        "node_modules/@chainlink/contracts/src/v0.8/interfaces/AggregatorV2V3Interface.sol",
        "node_modules/@chainlink/contracts/src/v0.8/interfaces/AggregatorV3Interface.sol",
        "node_modules/@chainlink\\contracts/src/v0.8/tests/MockV3Aggregator.sol"
      ],
      "versionRequirement": "^0.8.0",
      "artifacts": {
        "MockV3Aggregator": {
          "0.8.17+commit.8df45f5f.Windows.msvc": "test\\MockV3Aggregator.sol\\MockV3Aggregator.json"
        }
      }
    },
    "contracts/test/Token.sol": {
      "lastModificationDate": 1670893655064,
      "contentHash": "c6ec661d1070d7058cb5f11e1f69780d",
      "sourceName": "contracts/test/Token.sol",
      "solcConfig": {
        "settings": {
          "optimizer": {
            "enabled": true,
            "runs": 200
          },
          "metadata": {
            "bytecodeHash": "ipfs",
            "appendCBOR": true
          },
          "outputSelection": {
            "*": {
              "": [
                "ast"
              ],
              "*": [
                "abi",
                "evm.bytecode",
                "evm.deployedBytecode",
                "evm.methodIdentifiers",
                "metadata"
              ]
            }
          },
          "evmVersion": "london",
          "libraries": {}
        }
      },
      "imports": [
        "node_modules/@openzeppelin\\contracts/access/Ownable.sol",
        "node_modules/@openzeppelin\\contracts/token/ERC20/ERC20.sol",
        "node_modules/@openzeppelin\\contracts/token/ERC20/IERC20.sol",
        "node_modules/@openzeppelin/contracts/token/ERC20/extensions/IERC20Metadata.sol",
        "node_modules/@openzeppelin/contracts/utils/Context.sol"
      ],
      "versionRequirement": "^0.8.9",
      "artifacts": {
        "Token": {
          "0.8.17+commit.8df45f5f.Windows.msvc": "Token.sol\\Token.json"
        }
      }
    },
    "lib/forge-std/lib/ds-test/src/test.sol": {
      "lastModificationDate": 1669912854928,
      "contentHash": "a85cb92e605e48103a5375f81c8233f2",
      "sourceName": "lib/forge-std/lib/ds-test/src/test.sol",
      "solcConfig": {
        "settings": {
          "optimizer": {
            "enabled": true,
            "runs": 200
          },
          "metadata": {
            "bytecodeHash": "ipfs",
            "appendCBOR": true
          },
          "outputSelection": {
            "*": {
              "": [
                "ast"
              ],
              "*": [
                "abi",
                "evm.bytecode",
                "evm.deployedBytecode",
                "evm.methodIdentifiers",
                "metadata"
              ]
            }
          },
          "evmVersion": "london",
          "libraries": {}
        }
      },
      "imports": [],
      "versionRequirement": ">=0.5.0",
      "artifacts": {
        "DSTest": {
          "0.8.17+commit.8df45f5f.Windows.msvc": "test.sol\\DSTest.json"
        }
      }
    },
    "lib/forge-std/src/Common.sol": {
      "lastModificationDate": 1669912850614,
      "contentHash": "0442c1f504bbceb094fb445b0078e377",
      "sourceName": "lib/forge-std/src/Common.sol",
      "solcConfig": {
        "settings": {
          "optimizer": {
            "enabled": true,
            "runs": 200
          },
          "metadata": {
            "bytecodeHash": "ipfs",
            "appendCBOR": true
          },
          "outputSelection": {
            "*": {
              "": [
                "ast"
              ],
              "*": [
                "abi",
                "evm.bytecode",
                "evm.deployedBytecode",
                "evm.methodIdentifiers",
                "metadata"
              ]
            }
          },
          "evmVersion": "london",
          "libraries": {}
        }
      },
      "imports": [
        "lib/forge-std/lib/ds-test/src\\test.sol",
        "lib/forge-std/src/Components.sol",
        "lib/forge-std/src/StdAssertions.sol",
        "lib/forge-std/src/StdChains.sol",
        "lib/forge-std/src/StdCheats.sol",
        "lib/forge-std/src/StdError.sol",
        "lib/forge-std/src/StdJson.sol",
        "lib/forge-std/src/StdMath.sol",
        "lib/forge-std/src/StdStorage.sol",
        "lib/forge-std/src/StdUtils.sol",
        "lib/forge-std/src/Vm.sol",
        "lib/forge-std/src/console.sol",
        "lib/forge-std/src/console2.sol"
      ],
      "versionRequirement": ">=0.6.2, <0.9.0",
      "artifacts": {
        "CommonBase": {
          "0.8.17+commit.8df45f5f.Windows.msvc": "Common.sol\\CommonBase.json"
        }
      }
    },
    "lib/forge-std/src/Components.sol": {
      "lastModificationDate": 1669912850615,
      "contentHash": "c9a345a2891d4719e8ddb47e2a5ea2fb",
      "sourceName": "lib/forge-std/src/Components.sol",
      "solcConfig": {
        "settings": {
          "optimizer": {
            "enabled": true,
            "runs": 200
          },
          "metadata": {
            "bytecodeHash": "ipfs",
            "appendCBOR": true
          },
          "outputSelection": {
            "*": {
              "": [
                "ast"
              ],
              "*": [
                "abi",
                "evm.bytecode",
                "evm.deployedBytecode",
                "evm.methodIdentifiers",
                "metadata"
              ]
            }
          },
          "evmVersion": "london",
          "libraries": {}
        }
      },
      "imports": [
        "lib/forge-std/lib/ds-test/src\\test.sol",
        "lib/forge-std/src/StdAssertions.sol",
        "lib/forge-std/src/StdChains.sol",
        "lib/forge-std/src/StdCheats.sol",
        "lib/forge-std/src/StdError.sol",
        "lib/forge-std/src/StdJson.sol",
        "lib/forge-std/src/StdMath.sol",
        "lib/forge-std/src/StdStorage.sol",
        "lib/forge-std/src/StdUtils.sol",
        "lib/forge-std/src/Vm.sol",
        "lib/forge-std/src/console.sol",
        "lib/forge-std/src/console2.sol"
      ],
      "versionRequirement": ">=0.6.2, <0.9.0",
      "artifacts": {
        "Components": {
          "0.8.17+commit.8df45f5f.Windows.msvc": "Components.sol\\Components.json"
        }
      }
    },
    "lib/forge-std/src/StdAssertions.sol": {
      "lastModificationDate": 1669912850615,
      "contentHash": "a98ead28ed1066bfa9e5ed4b55c6df16",
      "sourceName": "lib/forge-std/src/StdAssertions.sol",
      "solcConfig": {
        "settings": {
          "optimizer": {
            "enabled": true,
            "runs": 200
          },
          "metadata": {
            "bytecodeHash": "ipfs",
            "appendCBOR": true
          },
          "outputSelection": {
            "*": {
              "": [
                "ast"
              ],
              "*": [
                "abi",
                "evm.bytecode",
                "evm.deployedBytecode",
                "evm.methodIdentifiers",
                "metadata"
              ]
            }
          },
          "evmVersion": "london",
          "libraries": {}
        }
      },
      "imports": [
        "lib/forge-std/lib/ds-test/src\\test.sol",
        "lib/forge-std/src/StdMath.sol"
      ],
      "versionRequirement": ">=0.6.2, <0.9.0",
      "artifacts": {
        "StdAssertions": {
          "0.8.17+commit.8df45f5f.Windows.msvc": "StdAssertions.sol\\StdAssertions.json"
        }
      }
    },
    "lib/forge-std/src/StdChains.sol": {
      "lastModificationDate": 1669912850616,
      "contentHash": "f3b0705f658ed5e3a56b4825f3b35f34",
      "sourceName": "lib/forge-std/src/StdChains.sol",
      "solcConfig": {
        "settings": {
          "optimizer": {
            "enabled": true,
            "runs": 200
          },
          "metadata": {
            "bytecodeHash": "ipfs",
            "appendCBOR": true
          },
          "outputSelection": {
            "*": {
              "": [
                "ast"
              ],
              "*": [
                "abi",
                "evm.bytecode",
                "evm.deployedBytecode",
                "evm.methodIdentifiers",
                "metadata"
              ]
            }
          },
          "evmVersion": "london",
          "libraries": {}
        }
      },
      "imports": [
        "lib/forge-std/src/Vm.sol"
      ],
      "versionRequirement": ">=0.6.2, <0.9.0",
      "artifacts": {
        "StdChains": {
          "0.8.17+commit.8df45f5f.Windows.msvc": "StdChains.sol\\StdChains.json"
        }
      }
    },
    "lib/forge-std/src/StdCheats.sol": {
      "lastModificationDate": 1669912850617,
      "contentHash": "69e1da9ebe335bf4ba0247ec57924bcf",
      "sourceName": "lib/forge-std/src/StdCheats.sol",
      "solcConfig": {
        "settings": {
          "optimizer": {
            "enabled": true,
            "runs": 200
          },
          "metadata": {
            "bytecodeHash": "ipfs",
            "appendCBOR": true
          },
          "outputSelection": {
            "*": {
              "": [
                "ast"
              ],
              "*": [
                "abi",
                "evm.bytecode",
                "evm.deployedBytecode",
                "evm.methodIdentifiers",
                "metadata"
              ]
            }
          },
          "evmVersion": "london",
          "libraries": {}
        }
      },
      "imports": [
        "lib/forge-std/src/StdChains.sol",
        "lib/forge-std/src/StdStorage.sol",
        "lib/forge-std/src/Vm.sol"
      ],
      "versionRequirement": ">=0.6.2, <0.9.0",
      "artifacts": {
        "StdCheats": {
          "0.8.17+commit.8df45f5f.Windows.msvc": "StdCheats.sol\\StdCheats.json"
        },
        "StdCheatsSafe": {
          "0.8.17+commit.8df45f5f.Windows.msvc": "StdCheats.sol\\StdCheatsSafe.json"
        }
      }
    },
    "lib/forge-std/src/StdError.sol": {
      "lastModificationDate": 1669912850617,
      "contentHash": "8c35ad419c5b8748575080db5fd58cae",
      "sourceName": "lib/forge-std/src/StdError.sol",
      "solcConfig": {
        "settings": {
          "optimizer": {
            "enabled": true,
            "runs": 200
          },
          "metadata": {
            "bytecodeHash": "ipfs",
            "appendCBOR": true
          },
          "outputSelection": {
            "*": {
              "": [
                "ast"
              ],
              "*": [
                "abi",
                "evm.bytecode",
                "evm.deployedBytecode",
                "evm.methodIdentifiers",
                "metadata"
              ]
            }
          },
          "evmVersion": "london",
          "libraries": {}
        }
      },
      "imports": [],
      "versionRequirement": ">=0.6.2, <0.9.0",
      "artifacts": {
        "stdError": {
          "0.8.17+commit.8df45f5f.Windows.msvc": "StdError.sol\\stdError.json"
        }
      }
    },
    "lib/forge-std/src/StdJson.sol": {
      "lastModificationDate": 1669912850618,
      "contentHash": "9cbef5c140577d2ee6f4f002025d017a",
      "sourceName": "lib/forge-std/src/StdJson.sol",
      "solcConfig": {
        "settings": {
          "optimizer": {
            "enabled": true,
            "runs": 200
          },
          "metadata": {
            "bytecodeHash": "ipfs",
            "appendCBOR": true
          },
          "outputSelection": {
            "*": {
              "": [
                "ast"
              ],
              "*": [
                "abi",
                "evm.bytecode",
                "evm.deployedBytecode",
                "evm.methodIdentifiers",
                "metadata"
              ]
            }
          },
          "evmVersion": "london",
          "libraries": {}
        }
      },
      "imports": [
        "lib/forge-std/src/Vm.sol"
      ],
      "versionRequirement": ">=0.6.0, <0.9.0",
      "artifacts": {
        "stdJson": {
          "0.8.17+commit.8df45f5f.Windows.msvc": "StdJson.sol\\stdJson.json"
        }
      }
    },
    "lib/forge-std/src/StdMath.sol": {
      "lastModificationDate": 1669912850618,
      "contentHash": "fc64b149e462e64dea89f50e9cc0318f",
      "sourceName": "lib/forge-std/src/StdMath.sol",
      "solcConfig": {
        "settings": {
          "optimizer": {
            "enabled": true,
            "runs": 200
          },
          "metadata": {
            "bytecodeHash": "ipfs",
            "appendCBOR": true
          },
          "outputSelection": {
            "*": {
              "": [
                "ast"
              ],
              "*": [
                "abi",
                "evm.bytecode",
                "evm.deployedBytecode",
                "evm.methodIdentifiers",
                "metadata"
              ]
            }
          },
          "evmVersion": "london",
          "libraries": {}
        }
      },
      "imports": [],
      "versionRequirement": ">=0.6.2, <0.9.0",
      "artifacts": {
        "stdMath": {
          "0.8.17+commit.8df45f5f.Windows.msvc": "StdMath.sol\\stdMath.json"
        }
      }
    },
    "lib/forge-std/src/StdStorage.sol": {
      "lastModificationDate": 1669912850619,
      "contentHash": "2fb034cede70de5dbce298f332baf4f9",
      "sourceName": "lib/forge-std/src/StdStorage.sol",
      "solcConfig": {
        "settings": {
          "optimizer": {
            "enabled": true,
            "runs": 200
          },
          "metadata": {
            "bytecodeHash": "ipfs",
            "appendCBOR": true
          },
          "outputSelection": {
            "*": {
              "": [
                "ast"
              ],
              "*": [
                "abi",
                "evm.bytecode",
                "evm.deployedBytecode",
                "evm.methodIdentifiers",
                "metadata"
              ]
            }
          },
          "evmVersion": "london",
          "libraries": {}
        }
      },
      "imports": [
        "lib/forge-std/src/Vm.sol"
      ],
      "versionRequirement": ">=0.6.2, <0.9.0",
      "artifacts": {
        "stdStorage": {
          "0.8.17+commit.8df45f5f.Windows.msvc": "StdStorage.sol\\stdStorage.json"
        },
        "stdStorageSafe": {
          "0.8.17+commit.8df45f5f.Windows.msvc": "StdStorage.sol\\stdStorageSafe.json"
        }
      }
    },
    "lib/forge-std/src/StdUtils.sol": {
      "lastModificationDate": 1669912850619,
      "contentHash": "92b76aa6185dd35b97dc45faae7869d2",
      "sourceName": "lib/forge-std/src/StdUtils.sol",
      "solcConfig": {
        "settings": {
          "optimizer": {
            "enabled": true,
            "runs": 200
          },
          "metadata": {
            "bytecodeHash": "ipfs",
            "appendCBOR": true
          },
          "outputSelection": {
            "*": {
              "": [
                "ast"
              ],
              "*": [
                "abi",
                "evm.bytecode",
                "evm.deployedBytecode",
                "evm.methodIdentifiers",
                "metadata"
              ]
            }
          },
          "evmVersion": "london",
          "libraries": {}
        }
      },
      "imports": [
        "lib/forge-std/src/console2.sol"
      ],
      "versionRequirement": ">=0.6.2, <0.9.0",
      "artifacts": {
        "StdUtils": {
          "0.8.17+commit.8df45f5f.Windows.msvc": "StdUtils.sol\\StdUtils.json"
        }
      }
    },
    "lib/forge-std/src/Test.sol": {
      "lastModificationDate": 1669912850619,
      "contentHash": "ec818291da60ef7a4175f227763ba80d",
      "sourceName": "lib/forge-std/src/Test.sol",
      "solcConfig": {
        "settings": {
          "optimizer": {
            "enabled": true,
            "runs": 200
          },
          "metadata": {
            "bytecodeHash": "ipfs",
            "appendCBOR": true
          },
          "outputSelection": {
            "*": {
              "": [
                "ast"
              ],
              "*": [
                "abi",
                "evm.bytecode",
                "evm.deployedBytecode",
                "evm.methodIdentifiers",
                "metadata"
              ]
            }
          },
          "evmVersion": "london",
          "libraries": {}
        }
      },
      "imports": [
        "lib/forge-std/lib/ds-test/src\\test.sol",
        "lib/forge-std/src/Common.sol",
        "lib/forge-std/src/Components.sol",
        "lib/forge-std/src/StdAssertions.sol",
        "lib/forge-std/src/StdChains.sol",
        "lib/forge-std/src/StdCheats.sol",
        "lib/forge-std/src/StdError.sol",
        "lib/forge-std/src/StdJson.sol",
        "lib/forge-std/src/StdMath.sol",
        "lib/forge-std/src/StdStorage.sol",
        "lib/forge-std/src/StdUtils.sol",
        "lib/forge-std/src/Vm.sol",
        "lib/forge-std/src/console.sol",
        "lib/forge-std/src/console2.sol"
      ],
      "versionRequirement": ">=0.6.2, <0.9.0",
      "artifacts": {
        "Test": {
          "0.8.17+commit.8df45f5f.Windows.msvc": "Test.sol\\Test.json"
        },
        "TestBase": {
          "0.8.17+commit.8df45f5f.Windows.msvc": "Test.sol\\TestBase.json"
        }
      }
    },
    "lib/forge-std/src/Vm.sol": {
      "lastModificationDate": 1669912850620,
      "contentHash": "db318696a4827bafbd7e2b02f530b5ff",
      "sourceName": "lib/forge-std/src/Vm.sol",
      "solcConfig": {
        "settings": {
          "optimizer": {
            "enabled": true,
            "runs": 200
          },
          "metadata": {
            "bytecodeHash": "ipfs",
            "appendCBOR": true
          },
          "outputSelection": {
            "*": {
              "": [
                "ast"
              ],
              "*": [
                "abi",
                "evm.bytecode",
                "evm.deployedBytecode",
                "evm.methodIdentifiers",
                "metadata"
              ]
            }
          },
          "evmVersion": "london",
          "libraries": {}
        }
      },
      "imports": [],
      "versionRequirement": ">=0.6.2, <0.9.0",
      "artifacts": {
        "Vm": {
          "0.8.17+commit.8df45f5f.Windows.msvc": "Vm.sol\\Vm.json"
        },
        "VmSafe": {
          "0.8.17+commit.8df45f5f.Windows.msvc": "Vm.sol\\VmSafe.json"
        }
      }
    },
    "lib/forge-std/src/console.sol": {
      "lastModificationDate": 1669912850620,
      "contentHash": "c8cf989d04bc2e3069e3d91facf3b69c",
      "sourceName": "lib/forge-std/src/console.sol",
      "solcConfig": {
        "settings": {
          "optimizer": {
            "enabled": true,
            "runs": 200
          },
          "metadata": {
            "bytecodeHash": "ipfs",
            "appendCBOR": true
          },
          "outputSelection": {
            "*": {
              "": [
                "ast"
              ],
              "*": [
                "abi",
                "evm.bytecode",
                "evm.deployedBytecode",
                "evm.methodIdentifiers",
                "metadata"
              ]
            }
          },
          "evmVersion": "london",
          "libraries": {}
        }
      },
      "imports": [],
      "versionRequirement": ">=0.4.22, <0.9.0",
      "artifacts": {
        "console": {
          "0.8.17+commit.8df45f5f.Windows.msvc": "console.sol\\console.json"
        }
      }
    },
    "lib/forge-std/src/console2.sol": {
      "lastModificationDate": 1669912850621,
      "contentHash": "f38f0c43d493deb95bc450f4125f7a99",
      "sourceName": "lib/forge-std/src/console2.sol",
      "solcConfig": {
        "settings": {
          "optimizer": {
            "enabled": true,
            "runs": 200
          },
          "metadata": {
            "bytecodeHash": "ipfs",
            "appendCBOR": true
          },
          "outputSelection": {
            "*": {
              "": [
                "ast"
              ],
              "*": [
                "abi",
                "evm.bytecode",
                "evm.deployedBytecode",
                "evm.methodIdentifiers",
                "metadata"
              ]
            }
          },
          "evmVersion": "london",
          "libraries": {}
        }
      },
      "imports": [],
      "versionRequirement": ">=0.4.22, <0.9.0",
      "artifacts": {
        "console2": {
          "0.8.17+commit.8df45f5f.Windows.msvc": "console2.sol\\console2.json"
        }
      }
    },
    "node_modules/@chainlink/contracts/src/v0.8/interfaces/AggregatorInterface.sol": {
      "lastModificationDate": 1674555516441,
      "contentHash": "f00f7f6071813249ee968d1114635a81",
      "sourceName": "node_modules/@chainlink/contracts/src/v0.8/interfaces/AggregatorInterface.sol",
      "solcConfig": {
        "settings": {
          "optimizer": {
            "enabled": true,
            "runs": 200
          },
          "metadata": {
            "bytecodeHash": "ipfs",
            "appendCBOR": true
          },
          "outputSelection": {
            "*": {
              "": [
                "ast"
              ],
              "*": [
                "abi",
                "evm.bytecode",
                "evm.deployedBytecode",
                "evm.methodIdentifiers",
                "metadata"
              ]
            }
          },
          "evmVersion": "london",
          "libraries": {}
        }
      },
      "imports": [],
      "versionRequirement": "^0.8.0",
      "artifacts": {
        "AggregatorInterface": {
          "0.8.17+commit.8df45f5f.Windows.msvc": "AggregatorInterface.sol\\AggregatorInterface.json"
        }
      }
    },
    "node_modules/@chainlink/contracts/src/v0.8/interfaces/AggregatorV2V3Interface.sol": {
      "lastModificationDate": 1674555516456,
      "contentHash": "8634be6a1c8b65b4c0bfd6d1fa765e72",
      "sourceName": "node_modules/@chainlink/contracts/src/v0.8/interfaces/AggregatorV2V3Interface.sol",
      "solcConfig": {
        "settings": {
          "optimizer": {
            "enabled": true,
            "runs": 200
          },
          "metadata": {
            "bytecodeHash": "ipfs",
            "appendCBOR": true
          },
          "outputSelection": {
            "*": {
              "": [
                "ast"
              ],
              "*": [
                "abi",
                "evm.bytecode",
                "evm.deployedBytecode",
                "evm.methodIdentifiers",
                "metadata"
              ]
            }
          },
          "evmVersion": "london",
          "libraries": {}
        }
      },
      "imports": [
        "node_modules/@chainlink/contracts/src/v0.8/interfaces/AggregatorInterface.sol",
        "node_modules/@chainlink/contracts/src/v0.8/interfaces/AggregatorV3Interface.sol"
      ],
      "versionRequirement": "^0.8.0",
      "artifacts": {
        "AggregatorV2V3Interface": {
          "0.8.17+commit.8df45f5f.Windows.msvc": "AggregatorV2V3Interface.sol\\AggregatorV2V3Interface.json"
        }
      }
    },
    "node_modules/@chainlink/contracts/src/v0.8/interfaces/AggregatorV3Interface.sol": {
      "lastModificationDate": 1674555516465,
      "contentHash": "d9654a0fc044a31d4106ee6bca772add",
      "sourceName": "node_modules/@chainlink/contracts/src/v0.8/interfaces/AggregatorV3Interface.sol",
      "solcConfig": {
        "settings": {
          "optimizer": {
            "enabled": true,
            "runs": 200
          },
          "metadata": {
            "bytecodeHash": "ipfs",
            "appendCBOR": true
          },
          "outputSelection": {
            "*": {
              "": [
                "ast"
              ],
              "*": [
                "abi",
                "evm.bytecode",
                "evm.deployedBytecode",
                "evm.methodIdentifiers",
                "metadata"
              ]
            }
          },
          "evmVersion": "london",
          "libraries": {}
        }
      },
      "imports": [],
      "versionRequirement": "^0.8.0",
      "artifacts": {
        "AggregatorV3Interface": {
          "0.8.17+commit.8df45f5f.Windows.msvc": "AggregatorV3Interface.sol\\AggregatorV3Interface.json"
        }
      }
    },
    "node_modules/@chainlink/contracts/src/v0.8/tests/MockV3Aggregator.sol": {
      "lastModificationDate": 1674555516960,
      "contentHash": "1ac94788dae0d2659a63a13860d04244",
      "sourceName": "node_modules/@chainlink/contracts/src/v0.8/tests/MockV3Aggregator.sol",
      "solcConfig": {
        "settings": {
          "optimizer": {
            "enabled": true,
            "runs": 200
          },
          "metadata": {
            "bytecodeHash": "ipfs",
            "appendCBOR": true
          },
          "outputSelection": {
            "*": {
              "": [
                "ast"
              ],
              "*": [
                "abi",
                "evm.bytecode",
                "evm.deployedBytecode",
                "evm.methodIdentifiers",
                "metadata"
              ]
            }
          },
          "evmVersion": "london",
          "libraries": {}
        }
      },
      "imports": [
        "node_modules/@chainlink/contracts/src/v0.8/interfaces/AggregatorInterface.sol",
        "node_modules/@chainlink/contracts/src/v0.8/interfaces/AggregatorV2V3Interface.sol",
        "node_modules/@chainlink/contracts/src/v0.8/interfaces/AggregatorV3Interface.sol"
      ],
      "versionRequirement": "^0.8.0",
      "artifacts": {
        "MockV3Aggregator": {
          "0.8.17+commit.8df45f5f.Windows.msvc": "MockV3Aggregator.sol\\MockV3Aggregator.json"
        }
      }
    },
    "node_modules/@openzeppelin/contracts/access/Ownable.sol": {
      "lastModificationDate": 1670886290742,
      "contentHash": "e436cea06129be2c73cda4b1acc848b5",
      "sourceName": "node_modules/@openzeppelin/contracts/access/Ownable.sol",
      "solcConfig": {
        "settings": {
          "optimizer": {
            "enabled": true,
            "runs": 200
          },
          "metadata": {
            "bytecodeHash": "ipfs",
            "appendCBOR": true
          },
          "outputSelection": {
            "*": {
              "": [
                "ast"
              ],
              "*": [
                "abi",
                "evm.bytecode",
                "evm.deployedBytecode",
                "evm.methodIdentifiers",
                "metadata"
              ]
            }
          },
          "evmVersion": "london",
          "libraries": {}
        }
      },
      "imports": [
        "node_modules/@openzeppelin/contracts/utils/Context.sol"
      ],
      "versionRequirement": "^0.8.0",
      "artifacts": {
        "Ownable": {
          "0.8.17+commit.8df45f5f.Windows.msvc": "Ownable.sol\\Ownable.json"
        }
      }
    },
    "node_modules/@openzeppelin/contracts/token/ERC20/ERC20.sol": {
      "lastModificationDate": 1670886290654,
      "contentHash": "834a0dde221759af42b030253315b086",
      "sourceName": "node_modules/@openzeppelin/contracts/token/ERC20/ERC20.sol",
      "solcConfig": {
        "settings": {
          "optimizer": {
            "enabled": true,
            "runs": 200
          },
          "metadata": {
            "bytecodeHash": "ipfs",
            "appendCBOR": true
          },
          "outputSelection": {
            "*": {
              "": [
                "ast"
              ],
              "*": [
                "abi",
                "evm.bytecode",
                "evm.deployedBytecode",
                "evm.methodIdentifiers",
                "metadata"
              ]
            }
          },
          "evmVersion": "london",
          "libraries": {}
        }
      },
      "imports": [
        "node_modules/@openzeppelin\\contracts/token/ERC20/IERC20.sol",
        "node_modules/@openzeppelin/contracts/token/ERC20/extensions/IERC20Metadata.sol",
        "node_modules/@openzeppelin/contracts/utils/Context.sol"
      ],
      "versionRequirement": "^0.8.0",
      "artifacts": {
        "ERC20": {
          "0.8.17+commit.8df45f5f.Windows.msvc": "ERC20.sol\\ERC20.json"
        }
      }
    },
    "node_modules/@openzeppelin/contracts/token/ERC20/IERC20.sol": {
      "lastModificationDate": 1670886290713,
      "contentHash": "ad7c2d0af148c8f9f097d65deeb4da6b",
      "sourceName": "node_modules/@openzeppelin/contracts/token/ERC20/IERC20.sol",
      "solcConfig": {
        "settings": {
          "optimizer": {
            "enabled": true,
            "runs": 200
          },
          "metadata": {
            "bytecodeHash": "ipfs",
            "appendCBOR": true
          },
          "outputSelection": {
            "*": {
              "": [
                "ast"
              ],
              "*": [
                "abi",
                "evm.bytecode",
                "evm.deployedBytecode",
                "evm.methodIdentifiers",
                "metadata"
              ]
            }
          },
          "evmVersion": "london",
          "libraries": {}
        }
      },
      "imports": [],
      "versionRequirement": "^0.8.0",
      "artifacts": {
        "IERC20": {
          "0.8.17+commit.8df45f5f.Windows.msvc": "IERC20.sol\\IERC20.json"
        }
      }
    },
    "node_modules/@openzeppelin/contracts/token/ERC20/extensions/ERC20Burnable.sol": {
      "lastModificationDate": 1670886290655,
      "contentHash": "a1c7f80ae26f5b2d7d563475627fbf25",
      "sourceName": "node_modules/@openzeppelin/contracts/token/ERC20/extensions/ERC20Burnable.sol",
      "solcConfig": {
        "settings": {
          "optimizer": {
            "enabled": true,
            "runs": 200
          },
          "metadata": {
            "bytecodeHash": "ipfs",
            "appendCBOR": true
          },
          "outputSelection": {
            "*": {
              "": [
                "ast"
              ],
              "*": [
                "abi",
                "evm.bytecode",
                "evm.deployedBytecode",
                "evm.methodIdentifiers",
                "metadata"
              ]
            }
          },
          "evmVersion": "london",
          "libraries": {}
        }
      },
      "imports": [
        "node_modules/@openzeppelin\\contracts/token/ERC20/ERC20.sol",
        "node_modules/@openzeppelin\\contracts/token/ERC20/IERC20.sol",
        "node_modules/@openzeppelin/contracts/token/ERC20/extensions/IERC20Metadata.sol",
        "node_modules/@openzeppelin/contracts/utils/Context.sol"
      ],
      "versionRequirement": "^0.8.0",
      "artifacts": {
        "ERC20Burnable": {
          "0.8.17+commit.8df45f5f.Windows.msvc": "ERC20Burnable.sol\\ERC20Burnable.json"
        }
      }
    },
    "node_modules/@openzeppelin/contracts/token/ERC20/extensions/IERC20Metadata.sol": {
      "lastModificationDate": 1670886290714,
      "contentHash": "909ab67fc5c25033fe6cd364f8c056f9",
      "sourceName": "node_modules/@openzeppelin/contracts/token/ERC20/extensions/IERC20Metadata.sol",
      "solcConfig": {
        "settings": {
          "optimizer": {
            "enabled": true,
            "runs": 200
          },
          "metadata": {
            "bytecodeHash": "ipfs",
            "appendCBOR": true
          },
          "outputSelection": {
            "*": {
              "": [
                "ast"
              ],
              "*": [
                "abi",
                "evm.bytecode",
                "evm.deployedBytecode",
                "evm.methodIdentifiers",
                "metadata"
              ]
            }
          },
          "evmVersion": "london",
          "libraries": {}
        }
      },
      "imports": [
        "node_modules/@openzeppelin\\contracts/token/ERC20/IERC20.sol"
      ],
      "versionRequirement": "^0.8.0",
      "artifacts": {
        "IERC20Metadata": {
          "0.8.17+commit.8df45f5f.Windows.msvc": "IERC20Metadata.sol\\IERC20Metadata.json"
        }
      }
    },
    "node_modules/@openzeppelin/contracts/token/ERC20/extensions/draft-IERC20Permit.sol": {
      "lastModificationDate": 1670886290639,
      "contentHash": "fb77f144244b9ab12533aa6ce85ef8c5",
      "sourceName": "node_modules/@openzeppelin/contracts/token/ERC20/extensions/draft-IERC20Permit.sol",
      "solcConfig": {
        "settings": {
          "optimizer": {
            "enabled": true,
            "runs": 200
          },
          "metadata": {
            "bytecodeHash": "ipfs",
            "appendCBOR": true
          },
          "outputSelection": {
            "*": {
              "": [
                "ast"
              ],
              "*": [
                "abi",
                "evm.bytecode",
                "evm.deployedBytecode",
                "evm.methodIdentifiers",
                "metadata"
              ]
            }
          },
          "evmVersion": "london",
          "libraries": {}
        }
      },
      "imports": [],
      "versionRequirement": "^0.8.0",
      "artifacts": {
        "IERC20Permit": {
          "0.8.17+commit.8df45f5f.Windows.msvc": "draft-IERC20Permit.sol\\IERC20Permit.json"
        }
      }
    },
    "node_modules/@openzeppelin/contracts/token/ERC20/utils/SafeERC20.sol": {
      "lastModificationDate": 1670886290750,
      "contentHash": "0320a90f714843ca19373ed143fc4466",
      "sourceName": "node_modules/@openzeppelin/contracts/token/ERC20/utils/SafeERC20.sol",
      "solcConfig": {
        "settings": {
          "optimizer": {
            "enabled": true,
            "runs": 200
          },
          "metadata": {
            "bytecodeHash": "ipfs",
            "appendCBOR": true
          },
          "outputSelection": {
            "*": {
              "": [
                "ast"
              ],
              "*": [
                "abi",
                "evm.bytecode",
                "evm.deployedBytecode",
                "evm.methodIdentifiers",
                "metadata"
              ]
            }
          },
          "evmVersion": "london",
          "libraries": {}
        }
      },
      "imports": [
        "node_modules/@openzeppelin\\contracts/token/ERC20/IERC20.sol",
        "node_modules/@openzeppelin/contracts/token/ERC20/extensions/draft-IERC20Permit.sol",
        "node_modules/@openzeppelin/contracts/utils/Address.sol"
      ],
      "versionRequirement": "^0.8.0",
      "artifacts": {
        "SafeERC20": {
          "0.8.17+commit.8df45f5f.Windows.msvc": "SafeERC20.sol\\SafeERC20.json"
        }
      }
    },
    "node_modules/@openzeppelin/contracts/utils/Address.sol": {
      "lastModificationDate": 1670886290620,
      "contentHash": "f31ad6fc4bbf9c06203987220156a6ba",
      "sourceName": "node_modules/@openzeppelin/contracts/utils/Address.sol",
      "solcConfig": {
        "settings": {
          "optimizer": {
            "enabled": true,
            "runs": 200
          },
          "metadata": {
            "bytecodeHash": "ipfs",
            "appendCBOR": true
          },
          "outputSelection": {
            "*": {
              "": [
                "ast"
              ],
              "*": [
                "abi",
                "evm.bytecode",
                "evm.deployedBytecode",
                "evm.methodIdentifiers",
                "metadata"
              ]
            }
          },
          "evmVersion": "london",
          "libraries": {}
        }
      },
      "imports": [],
      "versionRequirement": "^0.8.1",
      "artifacts": {
        "Address": {
          "0.8.17+commit.8df45f5f.Windows.msvc": "Address.sol\\Address.json"
        }
      }
    },
    "node_modules/@openzeppelin/contracts/utils/Context.sol": {
      "lastModificationDate": 1670886290626,
      "contentHash": "5f2c5c4b6af2dd4551027144797bc8be",
      "sourceName": "node_modules/@openzeppelin/contracts/utils/Context.sol",
      "solcConfig": {
        "settings": {
          "optimizer": {
            "enabled": true,
            "runs": 200
          },
          "metadata": {
            "bytecodeHash": "ipfs",
            "appendCBOR": true
          },
          "outputSelection": {
            "*": {
              "": [
                "ast"
              ],
              "*": [
                "abi",
                "evm.bytecode",
                "evm.deployedBytecode",
                "evm.methodIdentifiers",
                "metadata"
              ]
            }
          },
          "evmVersion": "london",
          "libraries": {}
        }
      },
      "imports": [],
      "versionRequirement": "^0.8.0",
      "artifacts": {
        "Context": {
          "0.8.17+commit.8df45f5f.Windows.msvc": "Context.sol\\Context.json"
        }
      }
    },
    "test/foundry/CBDToken.t.sol": {
      "lastModificationDate": 1674559852714,
      "contentHash": "196fc1582298740dcc8c4a7b76a9dd85",
      "sourceName": "test/foundry/CBDToken.t.sol",
      "solcConfig": {
        "settings": {
          "optimizer": {
            "enabled": true,
            "runs": 200
          },
          "metadata": {
            "bytecodeHash": "ipfs",
            "appendCBOR": true
          },
          "outputSelection": {
            "*": {
              "": [
                "ast"
              ],
              "*": [
                "abi",
                "evm.bytecode",
                "evm.deployedBytecode",
                "evm.methodIdentifiers",
                "metadata"
              ]
            }
          },
          "evmVersion": "london",
          "libraries": {}
        }
      },
      "imports": [
        "contracts\\CBDToken.sol",
        "contracts\\Purchase.sol",
        "contracts\\test\\MockV3Aggregator.sol",
        "contracts\\test\\Token.sol",
        "lib/forge-std/lib/ds-test/src\\test.sol",
        "lib/forge-std/src/Common.sol",
        "lib/forge-std/src/Components.sol",
        "lib/forge-std/src/StdAssertions.sol",
        "lib/forge-std/src/StdChains.sol",
        "lib/forge-std/src/StdCheats.sol",
        "lib/forge-std/src/StdError.sol",
        "lib/forge-std/src/StdJson.sol",
        "lib/forge-std/src/StdMath.sol",
        "lib/forge-std/src/StdStorage.sol",
        "lib/forge-std/src/StdUtils.sol",
        "lib/forge-std/src\\Test.sol",
        "lib/forge-std/src/Vm.sol",
        "lib/forge-std/src/console.sol",
        "lib/forge-std/src/console2.sol",
        "node_modules/@chainlink/contracts/src/v0.8/interfaces/AggregatorInterface.sol",
        "node_modules/@chainlink/contracts/src/v0.8/interfaces/AggregatorV2V3Interface.sol",
        "node_modules/@chainlink\\contracts/src/v0.8/interfaces/AggregatorV3Interface.sol",
        "node_modules/@chainlink\\contracts/src/v0.8/tests/MockV3Aggregator.sol",
        "node_modules/@openzeppelin\\contracts/access/Ownable.sol",
        "node_modules/@openzeppelin\\contracts/token/ERC20/ERC20.sol",
        "node_modules/@openzeppelin\\contracts/token/ERC20/IERC20.sol",
        "node_modules/@openzeppelin\\contracts/token/ERC20/extensions/ERC20Burnable.sol",
        "node_modules/@openzeppelin/contracts/token/ERC20/extensions/IERC20Metadata.sol",
        "node_modules/@openzeppelin/contracts/token/ERC20/extensions/draft-IERC20Permit.sol",
        "node_modules/@openzeppelin\\contracts/token/ERC20/utils/SafeERC20.sol",
        "node_modules/@openzeppelin/contracts/utils/Address.sol",
        "node_modules/@openzeppelin/contracts/utils/Context.sol"
      ],
      "versionRequirement": "^0.8.13",
      "artifacts": {
        "CBDTokenTest": {
          "0.8.17+commit.8df45f5f.Windows.msvc": "CBDToken.t.sol\\CBDTokenTest.json"
        }
      }
    },
    "test/foundry/Oracle.t.sol": {
      "lastModificationDate": 1674558030310,
      "contentHash": "27ebcd8b1874fd82f31c4058223ab0e1",
      "sourceName": "test/foundry/Oracle.t.sol",
      "solcConfig": {
        "settings": {
          "optimizer": {
            "enabled": true,
            "runs": 200
          },
          "metadata": {
            "bytecodeHash": "ipfs",
            "appendCBOR": true
          },
          "outputSelection": {
            "*": {
              "": [
                "ast"
              ],
              "*": [
                "abi",
                "evm.bytecode",
                "evm.deployedBytecode",
                "evm.methodIdentifiers",
                "metadata"
              ]
            }
          },
          "evmVersion": "london",
          "libraries": {}
        }
      },
      "imports": [
        "contracts\\CBDToken.sol",
        "contracts\\Purchase.sol",
        "contracts\\test\\MockV3Aggregator.sol",
        "contracts\\test\\Token.sol",
        "lib/forge-std/lib/ds-test/src\\test.sol",
        "lib/forge-std/src/Common.sol",
        "lib/forge-std/src/Components.sol",
        "lib/forge-std/src/StdAssertions.sol",
        "lib/forge-std/src/StdChains.sol",
        "lib/forge-std/src/StdCheats.sol",
        "lib/forge-std/src/StdError.sol",
        "lib/forge-std/src/StdJson.sol",
        "lib/forge-std/src/StdMath.sol",
        "lib/forge-std/src/StdStorage.sol",
        "lib/forge-std/src/StdUtils.sol",
        "lib/forge-std/src\\Test.sol",
        "lib/forge-std/src/Vm.sol",
        "lib/forge-std/src/console.sol",
        "lib/forge-std/src/console2.sol",
        "node_modules/@chainlink/contracts/src/v0.8/interfaces/AggregatorInterface.sol",
        "node_modules/@chainlink/contracts/src/v0.8/interfaces/AggregatorV2V3Interface.sol",
        "node_modules/@chainlink\\contracts/src/v0.8/interfaces/AggregatorV3Interface.sol",
        "node_modules/@chainlink\\contracts/src/v0.8/tests/MockV3Aggregator.sol",
        "node_modules/@openzeppelin\\contracts/access/Ownable.sol",
        "node_modules/@openzeppelin\\contracts/token/ERC20/ERC20.sol",
        "node_modules/@openzeppelin\\contracts/token/ERC20/IERC20.sol",
        "node_modules/@openzeppelin\\contracts/token/ERC20/extensions/ERC20Burnable.sol",
        "node_modules/@openzeppelin/contracts/token/ERC20/extensions/IERC20Metadata.sol",
        "node_modules/@openzeppelin/contracts/token/ERC20/extensions/draft-IERC20Permit.sol",
        "node_modules/@openzeppelin\\contracts/token/ERC20/utils/SafeERC20.sol",
        "node_modules/@openzeppelin/contracts/utils/Address.sol",
        "node_modules/@openzeppelin/contracts/utils/Context.sol"
      ],
      "versionRequirement": "^0.8.13",
      "artifacts": {
        "CBDTokenTest": {
          "0.8.17+commit.8df45f5f.Windows.msvc": "Oracle.t.sol\\CBDTokenTest.json"
        }
      }
    }
  }
}